{
  "project_info": {
    "project_number": "348627649416",
    "firebase_url": "https://twinkle-4c241.firebaseio.com",
    "project_id": "twinkle-4c241",
    "storage_bucket": "twinkle-4c241.appspot.com"
  },
  "client": [
    {
      "client_info": {
        "mobilesdk_app_id": "1:348627649416:android:198406326c8dfce8",
        "android_client_info": {
          "package_name": "com.example.twinkle"
        }
      },
      "oauth_client": [
        {
          "client_id": "348627649416-9p63ku4so1opmiuvvme9eikgocgijhlm.apps.googleusercontent.com",
          "client_type": 3
        }
      ],
      "api_key": [
        {
          "current_key": "AIzaSyAgfD5hNgGHsM-8AmgodkMO7Df_HzwLvxo"
        }
      ],
      "services": {
        "appinvite_service": {
          "other_platform_oauth_client": [
            {
              "client_id": "348627649416-9p63ku4so1opmiuvvme9eikgocgijhlm.apps.googleusercontent.com",
              "client_type": 3
            }
          ]
        }
      }
    }
  ],
  "configuration_version": "1"
}